ID,birthdate,diagnosisdate,diagnosisnumber,type,diagnosis1,diagnosis2,stage,lab_nr,reg,censordate,sincelast
1,15.08.1960,15.05.1992,1,cyt,13,76700,999,19,2,,0
1,15.08.1960,15.09.1992,2,cyt,12,69000,999,19,2,,123
1,15.08.1960,15.11.1992,3,cyt,13,76700,999,19,2,,61
1,15.08.1960,15.02.1994,4,cyt,11,100,999,19,2,,457
1,15.08.1960,15.04.1995,5,cyt,11,100,999,19,2,,424
1,15.08.1960,15.03.1997,6,cyt,11,100,999,19,2,,700
1,15.08.1960,15.05.1998,7,cyt,11,100,999,19,2,,426
1,15.08.1960,15.08.2000,8,cyt,11,100,999,19,2,,823
1,15.08.1960,15.07.2002,9,cyt,11,100,999,19,2,,699
1,15.08.1960,15.09.2004,10,cyt,11,100,999,19,2,,793
1,15.08.1960,15.01.2006,11,hist,20,100,999,19,2,,487
1,15.08.1960,15.01.2006,12,cyt,11,100,999,19,2,,0
1,15.08.1960,15.02.2007,13,cyt,11,100,999,19,2,,396
1,15.08.1960,15.05.2007,14,hist,20,100,999,19,2,,89
1,15.08.1960,15.12.2008,15,cyt,11,100,999,19,2,,580
1,15.08.1960,15.01.2012,16,cyt,11,110,999,19,2,,1126
1,15.08.1960,15.11.2014,17,cyt,11,100,999,19,2,,1035
2,15.02.1927,15.12.1991,1,cyt,11,100,999,8,3,15.06.2010,0
2,15.02.1927,15.08.1993,2,cyt,11,100,999,8,3,15.06.2010,609
3,15.11.1959,15.08.1993,1,cyt,13,76700,999,11,9,,0
3,15.11.1959,15.02.1994,2,cyt,13,76700,999,11,9,,184
3,15.11.1959,15.07.1995,3,cyt,13,76700,999,11,9,,515
3,15.11.1959,15.02.1996,4,cyt,13,76700,999,11,9,,215
3,15.11.1959,15.07.1996,5,hist,33,706319,999,11,9,,151
3,15.11.1959,15.07.1996,6,cyt,13,76700,999,11,9,,0
3,15.11.1959,15.12.1996,7,cyt,13,76700,999,11,9,,153
3,15.11.1959,15.03.1997,8,cyt,16,74007,999,11,9,,90
3,15.11.1959,15.05.1997,9,hist,34,706019,999,11,9,,61
3,15.11.1959,15.02.1998,10,cyt,16,74007,999,11,9,,276
3,15.11.1959,15.05.1999,11,cyt,13,74006,999,11,9,,454
3,15.11.1959,15.03.2000,12,cyt,13,74006,999,11,9,,305
3,15.11.1959,15.06.2000,13,hist,33,807729,999,23,1,,92
3,15.11.1959,15.10.2000,14,cyt,11,100,999,23,1,,122
3,15.11.1959,15.10.2001,15,cyt,11,100,999,11,9,,365
3,15.11.1959,15.06.2002,16,cyt,11,100,999,11,9,,243
3,15.11.1959,15.07.2003,17,cyt,11,100,999,11,9,,395
3,15.11.1959,15.05.2004,18,cyt,11,100,999,11,9,,305
3,15.11.1959,15.12.2004,19,cyt,11,100,999,11,9,,214
3,15.11.1959,15.10.2005,20,cyt,11,100,999,23,1,,304
3,15.11.1959,15.01.2006,21,cyt,11,100,999,23,1,,92
3,15.11.1959,15.11.2006,22,cyt,11,100,999,23,1,,304
3,15.11.1959,15.03.2008,23,cyt,11,100,999,23,1,,486
3,15.11.1959,15.06.2011,24,cyt,11,100,999,23,1,,1187
4,15.09.1962,15.12.1992,1,cyt,11,100,999,18,4,,0
4,15.09.1962,15.04.1993,2,cyt,11,100,999,18,4,,121
4,15.09.1962,15.09.1995,3,cyt,11,100,999,18,4,,883
4,15.09.1962,15.01.1999,4,cyt,11,100,999,8,3,,1218
4,15.09.1962,15.03.2001,5,cyt,11,100,999,8,3,,790
4,15.09.1962,15.03.2003,6,cyt,11,100,999,8,3,,730
4,15.09.1962,15.11.2004,7,cyt,11,100,999,8,3,,611
4,15.09.1962,15.01.2008,8,cyt,11,100,999,8,3,,1156
4,15.09.1962,15.05.2011,9,cyt,11,100,999,8,3,,1216
4,15.09.1962,15.06.2013,10,cyt,11,100,999,8,3,,762
5,15.07.1956,15.07.1997,1,cyt,11,100,999,21,1,,0
5,15.07.1956,15.05.2000,2,cyt,11,100,999,21,1,,1035
5,15.07.1956,15.06.2002,3,cyt,11,100,999,3,1,,761
5,15.07.1956,15.03.2003,4,cyt,11,100,999,3,1,,273
5,15.07.1956,15.04.2004,5,cyt,11,100,999,3,1,,397
5,15.07.1956,15.04.2005,6,cyt,11,100,999,3,1,,365
5,15.07.1956,15.04.2006,7,cyt,11,100,999,3,1,,365
5,15.07.1956,15.04.2007,8,cyt,11,100,999,3,1,,365
5,15.07.1956,15.04.2008,9,cyt,11,100,999,11,9,,366
5,15.07.1956,15.04.2009,10,cyt,11,100,999,11,9,,365
5,15.07.1956,15.04.2010,11,cyt,12,69100,999,11,9,,365
5,15.07.1956,15.04.2011,12,cyt,11,100,999,1,1,,365
5,15.07.1956,15.06.2013,13,cyt,11,100,999,1,1,,792
5,15.07.1956,15.05.2014,14,cyt,11,100,999,1,1,,334
6,15.03.1976,15.05.2012,1,cyt,11,120,999,8,3,15.03.2015,0
7,15.11.1963,15.02.1992,1,cyt,11,100,999,3,1,,0
7,15.11.1963,15.04.1993,2,cyt,11,100,999,3,1,,425
7,15.11.1963,15.07.1994,3,cyt,11,100,999,1,1,,456
7,15.11.1963,15.10.1996,4,cyt,11,100,999,1,1,,823
7,15.11.1963,15.06.2001,5,cyt,11,100,999,3,1,,1704
7,15.11.1963,15.10.2004,6,cyt,11,100,999,3,1,,1218
7,15.11.1963,15.10.2008,7,cyt,11,100,999,3,1,,1461
8,15.02.1933,15.09.1992,1,cyt,11,100,999,3,1,,0
8,15.02.1933,15.01.1995,2,cyt,11,100,999,1,1,,852
8,15.02.1933,15.12.1996,3,cyt,11,100,999,1,1,,700
8,15.02.1933,15.12.1998,4,cyt,11,100,999,3,1,,730
8,15.02.1933,15.08.2000,5,cyt,11,100,999,3,1,,609
8,15.02.1933,15.10.2001,6,cyt,11,100,999,3,1,,426
8,15.02.1933,15.01.2005,7,cyt,11,100,999,3,1,,1188
8,15.02.1933,15.11.2006,8,cyt,11,100,999,21,1,,669
8,15.02.1933,15.12.2008,9,cyt,11,100,999,21,1,,761
8,15.02.1933,15.11.2009,10,cyt,11,100,999,21,1,,335
8,15.02.1933,15.11.2011,11,cyt,11,100,999,21,1,,730
9,15.05.1972,15.05.1994,1,cyt,11,100,999,1,1,,0
9,15.05.1972,15.05.1995,2,cyt,11,100,999,1,1,,365
9,15.05.1972,15.01.1998,3,cyt,11,100,999,3,1,,976
9,15.05.1972,15.09.2001,4,cyt,11,100,999,3,1,,1339
9,15.05.1972,15.07.2006,5,cyt,11,100,999,20,1,,1764
9,15.05.1972,15.12.2009,6,cyt,11,100,999,20,1,,1249
9,15.05.1972,15.07.2012,7,cyt,11,100,999,20,1,,943
10,15.12.1976,15.01.1998,1,cyt,11,100,999,17,3,,0
10,15.12.1976,15.03.2002,2,cyt,10,9000,999,17,3,,1520
10,15.12.1976,15.05.2002,3,cyt,11,100,999,17,3,,61
10,15.12.1976,15.08.2002,4,cyt,10,9000,999,17,3,,92
10,15.12.1976,15.11.2005,5,cyt,11,100,999,17,3,,1188
10,15.12.1976,15.11.2008,6,cyt,11,100,999,17,3,,1096
